{
  "total_samples": 10,
  "valid_samples": 9,
  "xpr": 0.0,
  "sar": 0.0,
  "syr": 0.2222222222222222,
  "pcr_avg": 0.1744719605013723,
  "aar_avg": 0.04796599878567091,
  "codebertscore_avg": 0.4997231960296631,
  "execution_score": 0.044444444444444446,
  "fidelity_score": 0.24674613881671925,
  "overall_score": 0.14559529163058185
}