{
  "total_samples": 75,
  "valid_samples": 64,
  "xpr": 0.09375,
  "sar": 0.09375,
  "syr": 0.390625,
  "pcr_avg": 0.09768408031626107,
  "aar_avg": 0.03155540757426553,
  "codebertscore_avg": 0.3800151254981756,
  "execution_score": 0.153125,
  "fidelity_score": 0.16915765932243632,
  "overall_score": 0.16114132966121816
}