{
  "total_samples": 20,
  "valid_samples": 20,
  "xpr": 0.2,
  "sar": 0.2,
  "syr": 0.25,
  "pcr_avg": 0.2203206942086399,
  "aar_avg": 0.057512960627714715,
  "codebertscore_avg": 0.5134553849697113,
  "execution_score": 0.21000000000000002,
  "fidelity_score": 0.2756995547207763,
  "overall_score": 0.24284977736038815
}