{
  "total_samples": 75,
  "valid_samples": 75,
  "xpr": 0.14666666666666667,
  "sar": 0.14666666666666667,
  "syr": 0.3466666666666667,
  "pcr_avg": 0.16186369385490768,
  "aar_avg": 0.05083007849907697,
  "codebertscore_avg": 0.4436690016587575,
  "execution_score": 0.1866666666666667,
  "fidelity_score": 0.22419856312489647,
  "overall_score": 0.20543261489578157
}