{
  "total_samples": 20,
  "valid_samples": 16,
  "xpr": 0.0,
  "sar": 0.0,
  "syr": 0.3125,
  "pcr_avg": 0.18500525210084037,
  "aar_avg": 0.021269440941572088,
  "codebertscore_avg": 0.3691265285015106,
  "execution_score": 0.0625,
  "fidelity_score": 0.20749447278918778,
  "overall_score": 0.13499723639459388
}