{
  "total_samples": 20,
  "valid_samples": 19,
  "xpr": 0.3157894736842105,
  "sar": 0.3157894736842105,
  "syr": 0.3157894736842105,
  "pcr_avg": 0.12266937755563412,
  "aar_avg": 0.029738280126545873,
  "codebertscore_avg": 0.4665556612767671,
  "execution_score": 0.3157894736842105,
  "fidelity_score": 0.20724904318615636,
  "overall_score": 0.2615192584351834
}