{
  "total_samples": 20,
  "valid_samples": 20,
  "xpr": 0.1,
  "sar": 0.1,
  "syr": 0.25,
  "pcr_avg": 0.2630408128163547,
  "aar_avg": 0.07774975479893512,
  "codebertscore_avg": 0.5244337767362595,
  "execution_score": 0.13,
  "fidelity_score": 0.3044004903888422,
  "overall_score": 0.2172002451944211
}