{
  "total_samples": 13,
  "valid_samples": 8,
  "xpr": 0.0,
  "sar": 0.0,
  "syr": 0.25,
  "pcr_avg": 0.1837962962962963,
  "aar_avg": 0.020628415300546446,
  "codebertscore_avg": 0.31728193908929825,
  "execution_score": 0.05,
  "fidelity_score": 0.19120841293504692,
  "overall_score": 0.12060420646752346
}